Bestandsnaam,Originele locatie,Nieuwe locatie,Toegewezen pagina of categorie
other1.jpg,scraped-images\bezorgen\other1.jpg,assets\bezorgen\other1.jpg,bezorgen
other2.jpg,scraped-images\bezorgen\other2.jpg,assets\bezorgen\other2.jpg,bezorgen
other3.jpg,scraped-images\bezorgen\other3.jpg,assets\bezorgen\other3.jpg,bezorgen
other1.jpg,scraped-images\impressie\other1.jpg,assets\impressie\other1.jpg,impressie
other10.jpg,scraped-images\impressie\other10.jpg,assets\impressie\other10.jpg,impressie
other11.jpg,scraped-images\impressie\other11.jpg,assets\impressie\other11.jpg,impressie
other12.jpg,scraped-images\impressie\other12.jpg,assets\impressie\other12.jpg,impressie
other13.jpg,scraped-images\impressie\other13.jpg,assets\impressie\other13.jpg,impressie
other14.jpg,scraped-images\impressie\other14.jpg,assets\impressie\other14.jpg,impressie
other15.png,scraped-images\impressie\other15.png,assets\impressie\other15.png,impressie
other16.png,scraped-images\impressie\other16.png,assets\impressie\other16.png,impressie
other17.png,scraped-images\impressie\other17.png,assets\impressie\other17.png,impressie
other18.png,scraped-images\impressie\other18.png,assets\impressie\other18.png,impressie
other19.jpg,scraped-images\impressie\other19.jpg,assets\impressie\other19.jpg,impressie
other2.jpg,scraped-images\impressie\other2.jpg,assets\impressie\other2.jpg,impressie
other20.jpg,scraped-images\impressie\other20.jpg,assets\impressie\other20.jpg,impressie
other21.jpg,scraped-images\impressie\other21.jpg,assets\impressie\other21.jpg,impressie
other22.jpg,scraped-images\impressie\other22.jpg,assets\impressie\other22.jpg,impressie
other23.jpg,scraped-images\impressie\other23.jpg,assets\impressie\other23.jpg,impressie
other24.jpg,scraped-images\impressie\other24.jpg,assets\impressie\other24.jpg,impressie
other25.jpg,scraped-images\impressie\other25.jpg,assets\impressie\other25.jpg,impressie
other26.jpg,scraped-images\impressie\other26.jpg,assets\impressie\other26.jpg,impressie
other27.jpg,scraped-images\impressie\other27.jpg,assets\impressie\other27.jpg,impressie
other28.jpg,scraped-images\impressie\other28.jpg,assets\impressie\other28.jpg,impressie
other29.jpg,scraped-images\impressie\other29.jpg,assets\impressie\other29.jpg,impressie
other3.jpg,scraped-images\impressie\other3.jpg,assets\impressie\other3.jpg,impressie
other30.jpg,scraped-images\impressie\other30.jpg,assets\impressie\other30.jpg,impressie
other31.jpg,scraped-images\impressie\other31.jpg,assets\impressie\other31.jpg,impressie
other32.jpg,scraped-images\impressie\other32.jpg,assets\impressie\other32.jpg,impressie
other33.jpg,scraped-images\impressie\other33.jpg,assets\impressie\other33.jpg,impressie
other34.jpg,scraped-images\impressie\other34.jpg,assets\impressie\other34.jpg,impressie
other35.jpg,scraped-images\impressie\other35.jpg,assets\impressie\other35.jpg,impressie
other36.jpg,scraped-images\impressie\other36.jpg,assets\impressie\other36.jpg,impressie
other37.jpg,scraped-images\impressie\other37.jpg,assets\impressie\other37.jpg,impressie
other38.jpg,scraped-images\impressie\other38.jpg,assets\impressie\other38.jpg,impressie
other39.jpg,scraped-images\impressie\other39.jpg,assets\impressie\other39.jpg,impressie
other4.jpg,scraped-images\impressie\other4.jpg,assets\impressie\other4.jpg,impressie
other40.jpg,scraped-images\impressie\other40.jpg,assets\impressie\other40.jpg,impressie
other41.jpg,scraped-images\impressie\other41.jpg,assets\impressie\other41.jpg,impressie
other42.jpg,scraped-images\impressie\other42.jpg,assets\impressie\other42.jpg,impressie
other43.jpg,scraped-images\impressie\other43.jpg,assets\impressie\other43.jpg,impressie
other44.jpg,scraped-images\impressie\other44.jpg,assets\impressie\other44.jpg,impressie
other45.jpg,scraped-images\impressie\other45.jpg,assets\impressie\other45.jpg,impressie
other46.jpg,scraped-images\impressie\other46.jpg,assets\impressie\other46.jpg,impressie
other47.jpg,scraped-images\impressie\other47.jpg,assets\impressie\other47.jpg,impressie
other48.jpg,scraped-images\impressie\other48.jpg,assets\impressie\other48.jpg,impressie
other49.jpg,scraped-images\impressie\other49.jpg,assets\impressie\other49.jpg,impressie
other5.jpg,scraped-images\impressie\other5.jpg,assets\impressie\other5.jpg,impressie
other50.jpg,scraped-images\impressie\other50.jpg,assets\impressie\other50.jpg,impressie
other51.jpg,scraped-images\impressie\other51.jpg,assets\impressie\other51.jpg,impressie
other52.jpeg,scraped-images\impressie\other52.jpeg,assets\impressie\other52.jpeg,impressie
other53.jpeg,scraped-images\impressie\other53.jpeg,assets\impressie\other53.jpeg,impressie
other54.jpeg,scraped-images\impressie\other54.jpeg,assets\impressie\other54.jpeg,impressie
other55.jpeg,scraped-images\impressie\other55.jpeg,assets\impressie\other55.jpeg,impressie
other56.jpeg,scraped-images\impressie\other56.jpeg,assets\impressie\other56.jpeg,impressie
other6.jpg,scraped-images\impressie\other6.jpg,assets\impressie\other6.jpg,impressie
other7.jpg,scraped-images\impressie\other7.jpg,assets\impressie\other7.jpg,impressie
other8.jpg,scraped-images\impressie\other8.jpg,assets\impressie\other8.jpg,impressie
other9.jpg,scraped-images\impressie\other9.jpg,assets\impressie\other9.jpg,impressie
other1.jpg,scraped-images\index\other1.jpg,assets\homepage\other1.jpg,homepage
other10.jpg,scraped-images\index\other10.jpg,assets\homepage\other10.jpg,homepage
other11.jpg,scraped-images\index\other11.jpg,assets\homepage\other11.jpg,homepage
other12.jpg,scraped-images\index\other12.jpg,assets\homepage\other12.jpg,homepage
other13.jpg,scraped-images\index\other13.jpg,assets\homepage\other13.jpg,homepage
other14.jpg,scraped-images\index\other14.jpg,assets\homepage\other14.jpg,homepage
other15.jpg,scraped-images\index\other15.jpg,assets\homepage\other15.jpg,homepage
other16.jpg,scraped-images\index\other16.jpg,assets\homepage\other16.jpg,homepage
other17.jpg,scraped-images\index\other17.jpg,assets\homepage\other17.jpg,homepage
other18.jpg,scraped-images\index\other18.jpg,assets\homepage\other18.jpg,homepage
other19.jpg,scraped-images\index\other19.jpg,assets\homepage\other19.jpg,homepage
other2.jpg,scraped-images\index\other2.jpg,assets\homepage\other2.jpg,homepage
other20.jpg,scraped-images\index\other20.jpg,assets\homepage\other20.jpg,homepage
other21.jpg,scraped-images\index\other21.jpg,assets\homepage\other21.jpg,homepage
other22.jpg,scraped-images\index\other22.jpg,assets\homepage\other22.jpg,homepage
other23.jpg,scraped-images\index\other23.jpg,assets\homepage\other23.jpg,homepage
other24.jpg,scraped-images\index\other24.jpg,assets\homepage\other24.jpg,homepage
other25.jpg,scraped-images\index\other25.jpg,assets\homepage\other25.jpg,homepage
other26.jpg,scraped-images\index\other26.jpg,assets\homepage\other26.jpg,homepage
other27.jpg,scraped-images\index\other27.jpg,assets\homepage\other27.jpg,homepage
other28.jpg,scraped-images\index\other28.jpg,assets\homepage\other28.jpg,homepage
other29.jpg,scraped-images\index\other29.jpg,assets\homepage\other29.jpg,homepage
other3.jpg,scraped-images\index\other3.jpg,assets\homepage\other3.jpg,homepage
other30.jpg,scraped-images\index\other30.jpg,assets\homepage\other30.jpg,homepage
other31.jpg,scraped-images\index\other31.jpg,assets\homepage\other31.jpg,homepage
other32.jpg,scraped-images\index\other32.jpg,assets\homepage\other32.jpg,homepage
other33.jpg,scraped-images\index\other33.jpg,assets\homepage\other33.jpg,homepage
other34.jpg,scraped-images\index\other34.jpg,assets\homepage\other34.jpg,homepage
other35.jpg,scraped-images\index\other35.jpg,assets\homepage\other35.jpg,homepage
other36.jpg,scraped-images\index\other36.jpg,assets\homepage\other36.jpg,homepage
other37.jpg,scraped-images\index\other37.jpg,assets\homepage\other37.jpg,homepage
other38.jpg,scraped-images\index\other38.jpg,assets\homepage\other38.jpg,homepage
other39.jpg,scraped-images\index\other39.jpg,assets\homepage\other39.jpg,homepage
other4.jpg,scraped-images\index\other4.jpg,assets\homepage\other4.jpg,homepage
other40.jpg,scraped-images\index\other40.jpg,assets\homepage\other40.jpg,homepage
other41.jpg,scraped-images\index\other41.jpg,assets\homepage\other41.jpg,homepage
other42.jpg,scraped-images\index\other42.jpg,assets\homepage\other42.jpg,homepage
other43.jpg,scraped-images\index\other43.jpg,assets\homepage\other43.jpg,homepage
other44.jpg,scraped-images\index\other44.jpg,assets\homepage\other44.jpg,homepage
other45.jpg,scraped-images\index\other45.jpg,assets\homepage\other45.jpg,homepage
other46.jpg,scraped-images\index\other46.jpg,assets\homepage\other46.jpg,homepage
other47.jpg,scraped-images\index\other47.jpg,assets\homepage\other47.jpg,homepage
other5.jpg,scraped-images\index\other5.jpg,assets\homepage\other5.jpg,homepage
other6.jpg,scraped-images\index\other6.jpg,assets\homepage\other6.jpg,homepage
other7.jpg,scraped-images\index\other7.jpg,assets\homepage\other7.jpg,homepage
other8.jpg,scraped-images\index\other8.jpg,assets\homepage\other8.jpg,homepage
other9.jpg,scraped-images\index\other9.jpg,assets\homepage\other9.jpg,homepage
product1.jpg,scraped-images\index\product1.jpg,assets\homepage\product1.jpg,homepage
other1.jpg,scraped-images\verhuur\other1.jpg,assets\verhuur\other1.jpg,verhuur
other2.jpg,scraped-images\verhuur\other2.jpg,assets\verhuur\other2.jpg,verhuur
other3.jpg,scraped-images\verhuur\other3.jpg,assets\verhuur\other3.jpg,verhuur
